Name,Slug,Collection ID,Locale ID,Item ID,Archived,Draft,Created On,Updated On,Published On,Featured Project?,Project Summary,Main Project Image,Metadata Main Project Image,Project Details,Services Rendered
AB Aluminum & Screens,ab-aluminum-screens,693e10072f03e1de8558e0dc,693647c671a7628e57b51dfd,69af5d9eeb23fd205c91dca3,false,false,Mon Mar 09 2026 23:54:06 GMT+0000 (Coordinated Universal Time),Mon Mar 09 2026 23:54:18 GMT+0000 (Coordinated Universal Time),Mon Mar 09 2026 23:59:31 GMT+0000 (Coordinated Universal Time),false,"Professional Webflow site for a Miami pergola and screen enclosure contractor targeting homeowners across Miami-Dade, Broward & Palm Beach.",https://cdn.prod.website-files.com/693647c671a7628e57b51dfe/69af5da9ee6d1eb41e883715_portfolio_mockup_abaluminum.avif,Senavia Corp web design mockup for pergola and screen enclosure contractor in Miami FL — clean white homepage with red accents and project gallery,"<p>AB Aluminum &amp; Screens is a licensed and experienced outdoor living contractor serving homeowners across Miami-Dade, Broward, and Palm Beach County with a comprehensive range of services including aluminum pergolas, patio covers, louvered roof systems, pool screen enclosures, and patio screen rooms. Despite years of quality work and a growing referral base, their digital presence was significantly underperforming — their old website lacked the professional design, clear service structure, and local SEO optimization needed to compete for the volume of homeowners searching for outdoor living contractors across South Florida every day.</p><p>Senavia Corp designed and developed a clean, conversion-focused Webflow website that clearly communicates AB Aluminum's expertise across all five service categories while driving a steady stream of free design consultation requests. The design strategy prioritizes clarity and trust — using a clean white layout with bold red brand accents and high-quality project photography to establish immediate credibility with South Florida homeowners evaluating multiple contractors simultaneously.</p><p>Dedicated service pages for Pergolas &amp; Patio Covers, Pool Screen Enclosures, Louvered Roof Systems, and Patio Screen Rooms were built with individual SEO strategies targeting city-specific search terms across their three-county service area. A recent projects gallery was organized by service category, giving visitors visual proof of craftsmanship for each offering. A financing availability section was developed as a standalone conversion element — directly addressing the price objection that prevents homeowners from taking action and positioning AB Aluminum as an accessible partner for any budget. A Google Reviews section displaying their 4.9-star rating was integrated to provide immediate third-party validation, and the free design consultation CTA was implemented in the header, hero, service pages, and footer to ensure every visitor has a clear, frictionless path to conversion.</p><p>AB Aluminum &amp; Screens now has a digital platform that works as hard as their installation crews. The website consistently attracts homeowners searching for pergola and screen enclosure contractors across South Florida and converts them into booked design consultations — delivering a predictable pipeline of qualified leads month after month.</p><p>Technologies &amp; Services: Webflow, Custom Web Design, Local SEO, Service Area Pages, Lead Generation Funnel, Google Reviews Integration, Financing Page Integration, Mobile Optimization.</p>","<p>Web Design, Web Development, Local SEO, Lead Generation, Service Area SEO, Conversion Optimization</p>"
Bodycontours Fajas,bodycontours-fajas,693e10072f03e1de8558e0dc,693647c671a7628e57b51dfd,69af5e688595a254a0a80aea,false,false,Mon Mar 09 2026 23:57:28 GMT+0000 (Coordinated Universal Time),Mon Mar 09 2026 23:58:19 GMT+0000 (Coordinated Universal Time),Mon Mar 09 2026 23:59:31 GMT+0000 (Coordinated Universal Time),false,"Shopify e-commerce for a Colombian shapewear specialist in Tamarac, FL targeting post-surgical Stage 1, 2 & 3 compression garment shoppers.",https://cdn.prod.website-files.com/693647c671a7628e57b51dfe/69af5e533e4694cc5ff0ff9d_portfolio_mockup_bodycontours.avif,Senavia Corp e-commerce web design mockup for Colombian shapewear store in Tamarac FL — pink and white Shopify homepage with product models,"<p>Bodycontours Fajas is a premium Colombian shapewear retailer based in Tamarac, Florida, specializing in post-surgical compression garments for Stage 1, 2, and 3 recovery — serving women who need medically appropriate, high-quality fajas after body contouring procedures, C-sections, tummy tucks, and liposuction. With a physical retail location in South Florida and a growing base of online customers, they needed a Shopify e-commerce platform that could communicate medical-grade quality, simplify the purchasing decision for post-surgery patients, and capture the large volume of women searching for trusted Colombian shapewear specialists online.</p><p>Senavia Corp designed and developed a conversion-optimized Shopify store that balances medical authority with femininity, confidence, and style. The design features a clean pink and white palette that resonates with their target audience while maintaining the trust and professionalism that post-surgical garment buyers require before making a purchase decision. Every element of the site — from the navigation architecture to the product page copy — was built to make the shopping experience as simple and reassuring as possible for women who are recovering from surgery and need to get their sizing and garment selection right the first time.</p><p>The product catalog was organized into four clear recovery-focused categories — Slimming Shapewear High Compression, Abdominal &amp; Waist Shapewear, Hip &amp; Glute Shapewear, and Short Shapewear — eliminating the confusion that drives cart abandonment in this category. Bestseller and hottest picks sections on the homepage drive product discovery and increase average order value through strategic placement of their most popular items. A Google Reviews integration showcasing their impressive customer rating provides immediate social proof, and Black Friday and promotional campaign pages were built to support seasonal revenue events. An educational blog was developed to capture informational search traffic from women researching post-surgical recovery options — a powerful top-of-funnel SEO asset that drives warm, high-intent traffic to the store.</p><p>Bodycontours Fajas now has an e-commerce platform that serves their customers at every stage — from the woman researching her recovery options the night before surgery to the returning customer reordering her favorite everyday shaper. The store converts online visitors into buyers with confidence, and the SEO-optimized blog consistently delivers new customers through organic search.</p><p>Technologies &amp; Services: Shopify, Custom E-Commerce Design, Product Catalog Architecture, Local SEO, Google Reviews Integration, Email Marketing Integration, Promotional Campaign Pages, Blog &amp; Content SEO.</p>","<p><code>Web Design, E-Commerce Development, Shopify Development, Local SEO, Email Marketing Integration, Conversion Optimization</code></p>"
Chamakos Grooming,chamakos-grooming,693e10072f03e1de8558e0dc,693647c671a7628e57b51dfd,69af5e0e7d125ad80ba7973d,false,false,Mon Mar 09 2026 23:55:58 GMT+0000 (Coordinated Universal Time),Mon Mar 09 2026 23:58:19 GMT+0000 (Coordinated Universal Time),Mon Mar 09 2026 23:59:31 GMT+0000 (Coordinated Universal Time),false,"E-commerce Shopify store for a barber-approved men's grooming brand selling shaving solutions, straight razors, and professional barber tools.",https://cdn.prod.website-files.com/693647c671a7628e57b51dfe/69af5df95301ebfb1e93fe0c_portfolio_mockup_chamakos.avif,Senavia Corp e-commerce web design mockup for men's grooming brand — dark masculine Shopify homepage with product grid and barber photography,"<p>Chamakos is a premium men's grooming and care brand built by barbers for barbers — and the modern man who refuses to settle for anything less than a professional-grade shave. With a growing product line including signature shaving solutions, straight razor blade holders, face mask applicators, and complete barber kits, they had a compelling brand and a loyal following among barbershop professionals — but their e-commerce store was failing to convert visitors into buyers, lacked proper product organization, and did nothing to communicate the brand's bold, premium identity to new customers discovering them online.</p><p>Senavia Corp designed and developed a custom Shopify e-commerce store built around Chamakos's core brand promise: made for men, approved by barbers. Every design decision — from the deep black and gold color palette to the honeycomb texture backgrounds and high-contrast product photography — was made to immediately communicate premium quality and masculine identity. The strategic focus was on three outcomes: reducing cart abandonment through a cleaner product discovery experience, increasing average order value through strategic product organization and cross-sells, and building a direct marketing channel through email capture.</p><p>The product catalog was architected into three clear categories — Skin Care, Accessories, and Kits &amp; Promos — making it effortless for both retail shoppers and professional barbers to navigate to exactly what they need. Featured product sections on the homepage highlight bestsellers and new arrivals to drive discovery and impulse purchases. Each product page was built with conversion-focused copy, detailed ingredient and specification descriptions, and variant selectors for scent, color, and size. A customer testimonials section featuring verified barber professionals delivers powerful peer credibility — the most influential trust signal in the professional grooming market. Newsletter subscription integration was built to capture customer emails for product drop announcements, promotions, and loyalty campaigns.</p><p>Chamakos now has an e-commerce platform that matches the boldness of their brand and the quality of their products. The store converts both professional barbers stocking their shops and everyday men looking to elevate their grooming routine — building a loyal customer base that keeps coming back for every new product release.</p><p>Technologies &amp; Services: Shopify, Custom E-Commerce Design, Product Catalog Architecture, Mobile Optimization, Email Marketing Integration, Conversion Rate Optimization, Brand Identity Implementation.</p>","<p>Web Design, E-Commerce Development, Shopify Development, Branding, Email Marketing Integration, Conversion Optimization.</p>"
Florida Gas Welding Supply,florida-gas-welding-supply,693e10072f03e1de8558e0dc,693647c671a7628e57b51dfd,69af5cd6d70272760d182320,false,false,Mon Mar 09 2026 23:50:46 GMT+0000 (Coordinated Universal Time),Mon Mar 09 2026 23:58:19 GMT+0000 (Coordinated Universal Time),Mon Mar 09 2026 23:59:31 GMT+0000 (Coordinated Universal Time),false,"Full Webflow redesign for a 30-year South Florida welding supply store showcasing equipment, industrial gases, training, and repair services.",https://cdn.prod.website-files.com/693647c671a7628e57b51dfe/69af5cb7f4708fdb47ad997b_portfolio_mockup_floridagas.avif,Senavia Corp web design mockup for welding supply store in West Park FL — dark industrial homepage with product categories and brand logos,"<p>Florida Gas Welding Supply is a family-owned welding equipment and industrial gas supplier that has been serving professionals and hobbyists across Miami-Dade and Broward County for over 30 years from their location in West Park, Florida. Despite being one of the most established welding suppliers in South Florida — stocking products from Hobart, Miller, Harris, Euroboor, and Timberland Pro — their outdated website failed to reflect their depth of inventory, their training programs, or their reputation as the region's most trusted welding resource.</p><p>Senavia Corp redesigned their website from the ground up with a bold, industrial aesthetic that immediately communicates authority and expertise. The new Webflow site was built with four strategic goals: clearly organizing their extensive product and service offering, capturing leads for their welding training certification program, driving foot traffic to their West Park location, and strengthening their local SEO presence for welding supply searches across South Florida.</p><p>Four dedicated service category pages were built for Welding Products, Industrial Gases, Equipment Repairs, and Welding Training — each optimized for local and industry-specific search terms. A brand partner showcase prominently features their manufacturer relationships to reinforce supplier credibility with professional buyers. The Welding Training section was developed as a standalone conversion page targeting individuals seeking welder certification in Florida, complete with program details, YouTube video integration, and a direct contact CTA. Google Reviews and dual-location information were integrated to support local search performance across both their Miami-Dade and Broward service areas.</p><p>The result is a powerful digital storefront that finally matches the 30-year reputation Florida Gas Welding Supply has built in the field. The website now serves as an active business development tool — attracting new wholesale clients, driving certification program enrollments, and consistently generating foot traffic to their South Florida location.</p><p>Technologies &amp; Services: Webflow, Custom Web Design, Local SEO, Multi-Location Strategy, Video Integration, Google Reviews Integration, Lead Generation, Mobile Optimization.</p>","<p>Web Design, Web Development, Local SEO, Lead Generation, Video Integration, Service Area SEO</p>"
Grupo Real Miami,grupo-real-miami,693e10072f03e1de8558e0dc,693647c671a7628e57b51dfd,69af5d4744421e1efc64d0f7,false,false,Mon Mar 09 2026 23:52:39 GMT+0000 (Coordinated Universal Time),Mon Mar 09 2026 23:58:19 GMT+0000 (Coordinated Universal Time),Mon Mar 09 2026 23:59:31 GMT+0000 (Coordinated Universal Time),false,Spanish-language Webflow platform for Miami's top Latino business networking community driving event registrations and membership growth.,https://cdn.prod.website-files.com/693647c671a7628e57b51dfe/69af5d1c9c86d11d5a9fd8fc_portfolio_mockup_gruporeal.avif,Senavia Corp web design mockup for Latino business networking community in Miami FL — red and teal bilingual homepage with event listings,"<p>Grupo Real Miami is the largest Spanish-speaking business networking organization for Latino entrepreneurs in Miami, Florida — a community of professionals, business owners, and executives united by a shared language, culture, and ambition to grow in the U.S. market. With a calendar of high-energy in-person and virtual events, an engaged membership base, and a growing reputation as the premier Hispanic business network in South Florida, they needed a digital platform worthy of their community's scale and impact. Their previous website was outdated, poorly organized, and failing to convert visitors into event registrations or new members.</p><p>Senavia Corp designed and developed a fully custom Webflow website that serves as the central digital hub for the Grupo Real community. Built entirely in Spanish to authentically serve their audience, the site was architected around three core goals: driving event ticket sales, growing community membership, and establishing Grupo Real Miami as the undisputed authority in Hispanic business networking in South Florida. The design features a bold red and teal color palette that reflects the energy, passion, and professionalism of the brand.</p><p>The events section is the operational heartbeat of the site — featuring upcoming seminars, in-person networking events, and Zoom workshops with clear pricing, dates, locations, and direct registration CTAs. A curated photo and video gallery from past events builds social proof and FOMO, giving prospective members a compelling visual case for joining. The testimonials section aggregates real Facebook Reviews and community success stories, and a subscription section was built to grow their newsletter audience for ongoing event promotion. Three service pillars — Seminarios de Impuestos Individuales, Seminarios Corporativos, and Zoom Events — each have dedicated pages with full program information and enrollment paths.</p><p>Grupo Real Miami now has a professional digital headquarters that matches the scale and ambition of their community. The website actively converts Spanish-speaking entrepreneurs who discover them through Google into registered event attendees and long-term members — turning online visibility into real community growth.</p><p>Technologies &amp; Services: Webflow, Custom Web Design, Spanish Content Strategy, Event Platform Integration, Community Platform Development, Facebook Reviews Integration, Local SEO, Email Marketing Integration.</p>","<p>Web Design, Web Development, Bilingual Website, Lead Generation, Video Integration, Email Marketing Integration</p>"
InterCredit Solution,intercredit-solution,693e10072f03e1de8558e0dc,693647c671a7628e57b51dfd,69af5ca5207f9a63067b4a25,false,false,Mon Mar 09 2026 23:49:57 GMT+0000 (Coordinated Universal Time),Mon Mar 09 2026 23:58:19 GMT+0000 (Coordinated Universal Time),Mon Mar 09 2026 23:59:31 GMT+0000 (Coordinated Universal Time),false,"Conversion-focused Webflow website for a Miami credit repair firm designed to build trust, capture leads, and rank for financial keywords.",https://cdn.prod.website-files.com/693647c671a7628e57b51dfe/69af5c7adeb2b2c67afdd24f_portfolio_mockup_intercredit.avif,Senavia Corp web design mockup for credit repair company in Miami FL — teal and green homepage with consultation booking CTA,"<p>InterCredit Solution is a Miami-based financial services firm specializing in credit repair, debt negotiation, fraud alert protection, and credit counseling for individuals and foreign investors across South Florida. With a growing demand for their services in an increasingly credit-conscious market, their existing website was failing them — it lacked the professional credibility required to convert skeptical visitors into paying clients, and it was virtually invisible on Google for the high-value search terms their ideal customers were using.</p><p>Senavia Corp built a fully custom Webflow website engineered around three non-negotiable goals: projecting financial authority, converting visitors through a trust-first design strategy, and ranking for high-intent credit repair keywords across the Miami-Dade metro area. The design features a clean, professional aesthetic with teal and green brand accents — colors psychologically associated with growth, trust, and financial progress — paired with a bold consultation CTA visible from the moment a visitor lands on the page.</p><p>The site includes individual service pages for credit repair and consulting, debt negotiation, credit monitoring and reporting, fraud alert protection, establishing credit for foreign investors, and negotiation of collection accounts in court — each written and structured for both conversion and organic search performance. A comprehensive FAQ section was built to address the most common objections before they become barriers to booking. Client testimonials, a 5.0 Google Reviews section, and media appearances on Univision TV were strategically placed throughout the site to build layered social proof. A bilingual content strategy ensures the site serves both English and Spanish-speaking audiences — critical in the Miami market.</p><p>The final product is a high-converting digital platform that transforms InterCredit Solution from an unknown local firm into a trusted financial authority. Every element of the site — from the headline copy to the service page structure — is designed with one objective: turning website visitors into consultation bookings that drive real revenue.</p><p>Technologies &amp; Services: Webflow, Custom Web Design, Bilingual Content Strategy, Local SEO, Conversion Rate Optimization, Lead Generation Funnel, Google Reviews Integration, FAQ Architecture.</p>","<p>Web Design, Web Development, Local SEO, Lead Generation, Conversion Optimization, Bilingual Website</p>"
Mile High Renovation,mile-high-renovation,693e10072f03e1de8558e0dc,693647c671a7628e57b51dfd,69af5d78a5e70c9fb59fba08,false,false,Mon Mar 09 2026 23:53:28 GMT+0000 (Coordinated Universal Time),Mon Mar 09 2026 23:58:19 GMT+0000 (Coordinated Universal Time),Mon Mar 09 2026 23:59:31 GMT+0000 (Coordinated Universal Time),false,"Luxury Webflow website for a Denver home remodeling contractor targeting kitchen, bathroom & basement renovation leads across the metro area.",https://cdn.prod.website-files.com/693647c671a7628e57b51dfe/69af5d756575dc9a036fe9cf_portfolio_mockup_milehigh.avif,Senavia Corp web design mockup for home remodeling contractor in Denver CO — dark navy homepage with orange accents and project gallery,"<p>Mile High Renovation is a trusted home remodeling contractor serving the Denver, Colorado metro area with premium kitchen remodeling, bathroom renovation, basement finishing, and full home makeover services. Operating in one of the most search-competitive home improvement markets in the country — where dozens of contractors fight for the same high-value keywords — their existing website was generic, slow, and completely failing to capture the organic search traffic that their competitors were converting into five-figure renovation contracts every week.</p><p>Senavia Corp designed and developed a high-performance Webflow website built around three pillars: visual impact through stunning renovation photography, SEO dominance across Denver's most valuable home improvement search terms, and a seamless lead capture experience that moves prospects from discovery to booked design visit as efficiently as possible. The design features a sophisticated dark navy and warm orange palette that communicates premium craftsmanship while standing out sharply in a market full of generic contractor websites.</p><p>Individual service pages were built for kitchen remodeling, bathroom remodeling, and basement renovation — each fully optimized with Denver-specific keywords, structured content, and conversion-focused CTAs. Service area pages targeting high-value Denver suburbs including Hilltop, Greenwood Village, Littleton, Aurora, and Thornton were developed to capture hyper-local search traffic across the entire metro region. A comprehensive project gallery showcases completed renovations with before-and-after photography and location tags. A free design visit booking system was integrated directly into the homepage and all service pages to eliminate friction between interest and action. Customer reviews and testimonials were strategically distributed throughout the site to build trust at every stage of the buyer journey.</p><p>Mile High Renovation now commands a digital presence that matches the quality of their craftsmanship. The website consistently ranks for competitive Denver remodeling keywords, attracts qualified homeowners with real renovation budgets, and converts them into free design visit bookings — the first step in Mile High's proven sales process.</p><p>Technologies &amp; Services: Webflow, Custom Web Design, Local SEO, Service Area Pages, Lead Generation Funnel, Booking System Integration, Before &amp; After Gallery, Mobile Optimization.</p>","<p>Web Design, Web Development, Local SEO, Lead Generation, Service Area SEO, Booking System Integration</p>"
Mr & Mrs Outdoor Living,mr-mrs-outdoor-living,693e10072f03e1de8558e0dc,693647c671a7628e57b51dfd,69af5d040ec79a59fec91565,false,false,Mon Mar 09 2026 23:51:32 GMT+0000 (Coordinated Universal Time),Mon Mar 09 2026 23:58:19 GMT+0000 (Coordinated Universal Time),Mon Mar 09 2026 23:59:31 GMT+0000 (Coordinated Universal Time),false,"Premium Webflow website for a licensed Florida pool builder featuring 3D design visualization, luxury project gallery, and a lead capture funnel.",https://cdn.prod.website-files.com/693647c671a7628e57b51dfe/69af5cef5f02d096402e11d5_portfolio_mockup_mrmrs.avif,Senavia Corp web design mockup for pool builder and outdoor living contractor in South Florida — blue luxury homepage with project gallery,"<p>Mr &amp; Mrs Outdoor Living is a licensed, insured, and award-winning pool builder and outdoor living design-build contractor serving homeowners across North and South Florida. Specializing in custom inground pool construction, outdoor kitchen design, screen enclosures, and full backyard transformations, they operate in the premium segment of a highly competitive market. Their previous website failed to communicate the luxury nature of their work, lacked a compelling project showcase, and generated almost no qualified leads through organic search.</p><p>Senavia Corp designed and developed a visually rich, premium Webflow website built to do one thing above all else: make high-net-worth Florida homeowners stop scrolling and start envisioning their dream backyard. The strategic focus was on three pillars — visual authority through stunning project photography, local SEO dominance for pool construction searches across Florida, and a high-converting project evaluation funnel to capture serious buyers early in their decision-making process.</p><p>The site features a cinematic hero section with luxury outdoor living imagery that immediately establishes a premium first impression. A 3D Pool Design &amp; Visualization section showcases their unique design-before-you-build process — a powerful differentiator that competitors simply cannot match. The project showcase gallery is organized by category — custom pools, outdoor kitchens, and screen enclosures — with detailed photography and location tags for each completed project. Service area pages were developed targeting high-value Florida cities and counties, and a streamlined Project Evaluation Request funnel was built to capture qualified leads with clear purchase intent.</p><p>The new Mr &amp; Mrs Outdoor Living website is the premium digital presence their work has always deserved. It attracts the right clients — homeowners with serious budgets and clear vision — and converts them through a combination of aspirational design, demonstrated expertise, and a frictionless path to booking their first design conversation with the team.</p><p>Technologies &amp; Services: Webflow, Premium Web Design, 3D Visualization Integration, Local SEO, Service Area Pages, Lead Generation Funnel, Mobile Optimization, Project Gallery Architecture.</p>","<p>Web Design, Web Development, Local SEO, Lead Generation, Service Area SEO, Conversion Optimization.</p>"
Pergola Plus Florida,pergola-plus-florida,693e10072f03e1de8558e0dc,693647c671a7628e57b51dfd,69af5c6f1861949dbf5cb56c,false,false,Mon Mar 09 2026 23:49:03 GMT+0000 (Coordinated Universal Time),Mon Mar 09 2026 23:58:19 GMT+0000 (Coordinated Universal Time),Mon Mar 09 2026 23:59:31 GMT+0000 (Coordinated Universal Time),true,Custom Webflow website for a South Florida pergola contractor built to generate leads and dominate local outdoor living searches.,https://cdn.prod.website-files.com/693647c671a7628e57b51dfe/69af5a3c75048262cf0d6fc9_portfolio_mockup_pergola.avif,Senavia Corp web design mockup for pergola contractor in South Florida — teal overlay homepage with browser mockups,"<p>Pergola Plus Florida is a premier pergola and patio cover contractor serving homeowners across Broward and Palm Beach County with over a decade of experience designing and installing aluminum pergolas, louvered roof systems, patio covers, and pool enclosures. Despite their strong reputation and an impressive portfolio of completed projects, their outdated website failed to reflect the quality of their work — driving potential customers directly to competitors who ranked higher on Google and presented a more polished digital presence.</p><p>Senavia Corp designed and developed a fully custom Webflow website with three strategic priorities: establishing Pergola Plus as the authority in South Florida's outdoor living market, capturing high-intent leads through a frictionless consultation booking funnel, and dominating local search rankings for terms like ""pergola contractors Broward"" and ""patio cover installation Palm Beach."" The design embraces a clean, professional aesthetic with deep teal brand accents that immediately communicate quality and trustworthiness.</p><p>The site features dedicated service pages for each product category — aluminum pergolas, louvered roof systems, patio covers, and pool enclosures — each fully optimized for local search. A premium project gallery showcases completed installations with high-resolution photography, giving prospects the visual confidence they need to reach out. A brand partner showcase highlights relationships with industry leaders including Fenetex, Equinox, Apollo, and Renaissance, reinforcing supplier credibility. A free appointment booking system was embedded across all high-traffic pages to reduce friction and maximize conversion at every touchpoint.</p><p>The result is a modern, fast-loading website that positions Pergola Plus Florida as the undisputed leader in outdoor living solutions across South Florida. The new platform not only reflects the craftsmanship of their installations — it actively works as a 24/7 sales tool, turning organic search visitors into booked design consultations every single day.</p><p>Technologies &amp; Services: Webflow, Custom Web Design, Local SEO, Service Area Pages, Lead Generation Funnel, Google Reviews Integration, Booking System Integration, Mobile Optimization.</p><p>‍</p>","<p>Web Design, Web Development, Local SEO, Lead Generation, Service Area SEO</p>"
Pougrus Window Tinting,pougrus-window-tinting,693e10072f03e1de8558e0dc,693647c671a7628e57b51dfd,69af5e8f025d85c9a99b61e5,false,false,Mon Mar 09 2026 23:58:07 GMT+0000 (Coordinated Universal Time),Mon Mar 09 2026 23:58:19 GMT+0000 (Coordinated Universal Time),Mon Mar 09 2026 23:59:31 GMT+0000 (Coordinated Universal Time),false,"High-converting Webflow website for a South Florida mobile window tinting company with video demos, project gallery, and free estimate funnel.",https://cdn.prod.website-files.com/693647c671a7628e57b51dfe/69af5e8db3355541289af7b7_portfolio_mockup_pougrus.avif,Senavia Corp web design mockup for mobile window tinting company in South Florida — dark automotive homepage with before and after gallery,"<p>Pougrus is a mobile car window tinting company serving homeowners and vehicle owners across South Florida, specializing in professional automotive window tint installation with a focus on privacy, UV protection, glare reduction, and interior comfort. Operating in a highly commoditized local market where most competitors look identical online, they needed a website that could cut through the noise, rank for window tinting searches across Miami-Dade and Broward County, and convert visitors through a compelling promotional offer before they clicked away to a competitor.</p><p>Senavia Corp designed and developed a bold, dark-themed Webflow website that matches the sleek, automotive identity of the Pougrus brand while engineering every page element for maximum lead generation performance. The design leads with a high-impact promotional offer — 15% Off Your First Car — paired with a prominent free estimate CTA that creates immediate conversion motivation from the first second a visitor arrives. The strategic focus was on differentiating Pougrus through education, visual proof, and a frictionless booking experience that competitors in the market simply don't offer.</p><p>A tint percentage comparison section educating visitors on the visual and functional differences between 5%, 20%, 35%, 50%, and 70% VLT tint options was built to address the most common pre-purchase questions — positioning Pougrus as a knowledgeable authority while reducing the back-and-forth in the sales conversation. A real-time video demonstrations section featuring YouTube installations gives prospects visual proof of quality craftsmanship before they ever make a call — one of the most powerful trust-building assets a service business can deploy online. A before-and-after project gallery reinforces the transformation quality of their work across different vehicle types. The four core benefits — Improved Privacy, UV Protection, Reduced Glare, and Increased Comfort — are presented with clean iconography and conversion-focused copy designed to give undecided visitors the final push they need to submit an estimate request.</p><p>Pougrus now owns a digital presence that stands apart from every other tint shop in South Florida. The website consistently ranks for mobile window tinting searches across Miami-Dade and Broward, and the integrated promotional offer and free estimate form convert organic and paid traffic into booked installations around the clock.</p><p>Technologies &amp; Services: Webflow, Custom Web Design, Local SEO, Lead Generation Funnel, Video Integration, Google Reviews Integration, Promotional Offer Strategy, Mobile Optimization.</p>","<p><code>Web Design, Web Development, Local SEO, Lead Generation, Video Integration, Conversion Optimization.</code></p>"
Support Staff Solutions USA,support-staff-solutions-usa,693e10072f03e1de8558e0dc,693647c671a7628e57b51dfd,69af5e3dbbad3386ff2926dc,false,false,Mon Mar 09 2026 23:56:45 GMT+0000 (Coordinated Universal Time),Mon Mar 09 2026 23:58:19 GMT+0000 (Coordinated Universal Time),Mon Mar 09 2026 23:59:31 GMT+0000 (Coordinated Universal Time),false,"Corporate Webflow website for a U.S. staffing agency showcasing temporary, temp-to-perm, and direct hire workforce solutions for businesses.",https://cdn.prod.website-files.com/693647c671a7628e57b51dfe/69af5e3cfe82d63c99f30c31_portfolio_mockup_supportstaff.avif,Senavia Corp web design mockup for staffing agency in South Florida — green and white corporate homepage with service categories and CTA,"<p>Support Staff Solutions USA is a professional staffing and workforce solutions agency helping businesses across the United States find qualified, reliable candidates for temporary, temp-to-perm, and direct hire positions — with deep specialization in supply chain management, food processing, industrial operations, and general labor. Despite a strong track record of successful placements and a growing client roster, their website was not generating inbound business inquiries. It failed to communicate the depth of their expertise, lacked the professional credibility that corporate HR managers expect, and was completely absent from Google for the staffing agency search terms their ideal clients were using.</p><p>Senavia Corp designed and developed a professional, trust-first Webflow website that speaks directly to the two audiences Support Staff Solutions serves: employers who need reliable workforce solutions delivered efficiently, and workers looking for stable employment opportunities in their field. The design features a clean green and white palette that communicates growth, reliability, and professionalism — precisely the qualities a business needs to see before entrusting an agency with their hiring process.</p><p>Three core service pages were built for Temporary Staff, Temp-to-Perm, and Direct Hire — each explaining the service model in plain language, addressing ideal use cases by industry, and walking prospective clients through the Support Staff process step by step. A ""Why Choose Us"" section was developed around four differentiation pillars: Proven Expertise, Diverse Staffing Solutions, Quality Assurance, and Time &amp; Cost Efficiency — each with supporting copy that directly counters the objections B2B buyers raise when evaluating staffing agencies. The three-step client process section — Exploration Call, Solution Design, and Launch — was built to reduce uncertainty and make starting a conversation feel effortless. Google Reviews and verified client testimonials from operations managers and HR directors were integrated to provide the third-party validation that corporate buyers require before making a vendor decision.</p><p>Support Staff Solutions USA now has a corporate digital presence that generates consistent inbound inquiries from businesses across their target industries. The website positions them as a credible, experienced partner — not just another staffing agency — and delivers a steady stream of qualified B2B leads through a clear, professional conversion funnel.</p><p>Technologies &amp; Services: Webflow, Corporate Web Design, B2B Lead Generation, Local SEO, Conversion Rate Optimization, Google Reviews Integration, Dual Audience Content Strategy, Mobile Optimization.</p>","<p>Web Design, Web Development, Local SEO, Lead Generation, Conversion Optimization, Branding</p>"
Universidad de Impuestos,universidad-de-impuestos,693e10072f03e1de8558e0dc,693647c671a7628e57b51dfd,69af5de14e99c34ba17bddd5,false,false,Mon Mar 09 2026 23:55:13 GMT+0000 (Coordinated Universal Time),Mon Mar 09 2026 23:58:19 GMT+0000 (Coordinated Universal Time),Mon Mar 09 2026 23:59:31 GMT+0000 (Coordinated Universal Time),false,Spanish-language Webflow education platform for a U.S. tax preparation school offering certified individual and corporate tax training courses.,https://cdn.prod.website-files.com/693647c671a7628e57b51dfe/69af5dcf371b4ebf9a557807_portfolio_mockup_universidad.avif,Senavia Corp web design mockup for Spanish tax education platform in United States — purple and white homepage with course listings and enrollment CTA,"<p>Universidad de Impuestos is an online education platform offering comprehensive, IRS-recognized tax preparation certification courses in Spanish — designed exclusively for the U.S. Hispanic market. With both individual and corporate tax training programs, a growing library of video content, and a mission to empower Latino professionals to build careers and businesses in the U.S. tax industry, they needed a digital platform that could drive course enrollments, establish academic authority, and rank for tax preparer certification searches in Spanish across the country.</p><p>Senavia Corp designed and developed a full-featured Webflow website that positions Universidad de Impuestos as the definitive authority in Spanish-language tax education in the United States. The architecture was built around their two core revenue streams — Individual Tax Preparation Courses and Corporate Tax Courses — with dedicated landing pages for each program engineered for both conversion and organic search performance. The design features a professional purple and white palette that communicates academic credibility while maintaining the warmth and accessibility that resonates with their Spanish-speaking audience.</p><p>A free consultation booking system was integrated to capture prospective students who need a personal conversation before committing to enrollment, giving the team a direct channel to warm, high-intent leads. Founder video content from YouTube was embedded throughout the site to build personal trust and demonstrate expertise — a critical conversion factor when selling premium education online. The student testimonials section features real graduate success stories highlighting career transformations and income growth. Career opportunity content was developed across multiple pages to directly address the aspirations of their target audience — career changers, immigrants building new professional lives in the U.S., and business owners looking to add tax services as a revenue stream.</p><p>Universidad de Impuestos now has a professional digital campus that converts curious visitors into enrolled students. The website ranks for high-intent Spanish-language tax certification searches across the United States, and the integrated enrollment funnel consistently delivers qualified prospective students into their sales pipeline every week.</p><p>Technologies &amp; Services: Webflow, Custom Web Design, Spanish SEO Strategy, E-Learning Platform Architecture, Enrollment Funnel, Video Integration, Lead Generation, Email Marketing Integration.</p>","<p>Web Design, Web Development, Bilingual Website, Lead Generation, E-Commerce Development, Video Integration</p>"
