Name,Slug,Collection ID,Locale ID,Item ID,Archived,Draft,Created On,Updated On,Published On,Country,Metadata Img Hero,Title Page,Summary Page,Heading Intro,Paragraph Intro,Heading Services,Paragraph Services,Heading Portfolio,Paragraph Portfolio,Heading Process,Paragraph Process,Heading Reviews,Paragraph Reviews,Heading Blog,Paragraph Blog,Title SEO,Metadescription SEO
"Aventura, FL",aventura-fl,69b0b36aad7bb9f81a230ddf,693647c671a7628e57b51dfd,69b0bc861a4b376e92b1fa5b,false,false,Wed Mar 11 2026 00:51:18 GMT+0000 (Coordinated Universal Time),Wed Mar 11 2026 19:40:55 GMT+0000 (Coordinated Universal Time),Wed Mar 11 2026 19:54:31 GMT+0000 (Coordinated Universal Time),Miami Dade,Web design agency serving Aventura FL — SENAVIA Corp South Florida,"Web Design & Development Company in Aventura, FL","We build high-performing websites and SEO-driven marketing systems for businesses across Miami-Dade County. Your competitors are getting leads online right now. SENAVIA builds websites that rank on Google and turn Aventura visitors into paying, sophisticated clients — consistently.","Digital Web Design Agency Serving Aventura, FL",SENAVIA serves Aventura businesses with custom web design and digital marketing built to attract quality leads in Miami-Dade's most affluent and visible market.,"Web Design, Development & Digital Marketing in Aventura FL","From custom web design to digital marketing and custom software development, SENAVIA Corp offers end-to-end digital solutions that help Aventura businesses attract more customers, rank higher on Google, and increase revenue in one of South Florida's most premium markets.",Our Work for Aventura & Miami-Dade County,Real websites. Real clients. Real results. Browse digital work built for South Florida businesses. See the quality and strategy SENAVIA brings to every project.,How We Work With Aventura Businesses,We start with a free consultation to understand your market. We then design a site built to perform in Aventura and Miami-Dade County local searches. You approve every phase.,What Aventura Business Owners Say About SENAVIA,Aventura business owners share honest outcomes after working with SENAVIA.,Web Design & SEO Tips for Aventura Business Owners,Web design and digital marketing insights for Aventura businesses attracting high-value clients in South Florida.,Web Design Company in Aventura FL | SENAVIA Corp,"SENAVIA Corp builds custom websites, runs Google Ads & local SEO for Aventura FL businesses. Get your free consultation with South Florida's results-driven digital agency."
"Boca Raton, FL",boca-raton-fl,69b0b36aad7bb9f81a230ddf,693647c671a7628e57b51dfd,69b0bca6d8d74314790a1f4c,false,false,Wed Mar 11 2026 00:51:50 GMT+0000 (Coordinated Universal Time),Wed Mar 11 2026 19:40:55 GMT+0000 (Coordinated Universal Time),Wed Mar 11 2026 19:54:31 GMT+0000 (Coordinated Universal Time),Palm Beach,Web design agency serving Boca Raton FL — SENAVIA Corp South Florida,"Web Design & Development Company in Boca Raton, FL","We build high-performing websites and SEO-driven marketing systems for businesses across Palm Beach County. Your competitors are getting leads online right now. SENAVIA builds websites that rank on Google and turn Boca Raton visitors into paying, premium clients — consistently.","Digital Web Design Agency Serving Boca Raton, FL",SENAVIA serves Boca Raton businesses with custom web design built to reflect your brand's quality and attract the right clients in Palm Beach County.,"Web Design, Development & Digital Marketing in Boca Raton FL","From custom web design to digital marketing and custom software development, SENAVIA Corp offers end-to-end digital solutions that help Boca Raton businesses attract more customers, rank higher on Google, and increase their revenue in one of Palm Beach's most affluent markets.",Our Work for Boca Raton & Palm Beach County,Real websites. Real clients. Real results. Browse professional projects built for South Florida businesses that reflect the Boca Raton standard.,How We Work With Boca Raton Businesses,We start with a free strategy consultation. We then build a site optimized for Boca Raton and Palm Beach County local searches and conversions. You approve every phase.,What Boca Raton Business Owners Say About SENAVIA,Boca Raton business owners share honest results and experience working with SENAVIA.,Web Design & SEO Tips for Boca Raton Business Owners,Web design and marketing insights for Boca Raton businesses who demand quality results and a strong Palm Beach County online presence.,Web Design Company in Boca Raton FL | SENAVIA Corp,"SENAVIA Corp builds custom websites, runs Google Ads & local SEO for Boca Raton businesses. Get your free consultation with South Florida's top digital agency."
"Boynton Beach, FL",boynton-beach-fl,69b0b36aad7bb9f81a230ddf,693647c671a7628e57b51dfd,69b0bca6d8d74314790a1f50,false,false,Wed Mar 11 2026 00:51:50 GMT+0000 (Coordinated Universal Time),Wed Mar 11 2026 19:40:55 GMT+0000 (Coordinated Universal Time),Wed Mar 11 2026 19:54:31 GMT+0000 (Coordinated Universal Time),Palm Beach,Web design agency serving Boynton Beach FL — SENAVIA Corp South Florida,"Web Design & Development Company in Boynton Beach, FL",We build high-performing websites and SEO-driven marketing systems for businesses across Palm Beach County. Your competitors are getting leads online right now. SENAVIA builds websites that rank on Google and turn Boynton Beach visitors into paying clients — consistently.,"Digital Web Design Agency Serving Boynton Beach, FL",SENAVIA serves Boynton Beach businesses with custom web design and digital marketing strategies built to compete and grow across Palm Beach County.,"Web Design, Development & Digital Marketing in Boynton Beach FL","From custom web design to digital marketing and custom software development, SENAVIA Corp offers end-to-end digital solutions that help Boynton Beach businesses attract more customers, rank higher on Google, and increase their revenue faster in Palm Beach County.",Our Work for Boynton Beach & Palm Beach County,Real websites. Real clients. Real results. Browse projects built for Boynton Beach and South Florida businesses across multiple industries.,How We Work With Boynton Beach Businesses,We start with a free consultation to understand your goals. We design and build a site that ranks in Boynton Beach and Palm Beach County searches. You approve every phase.,What Boynton Beach Business Owners Say About SENAVIA,Boynton Beach business owners share honest results after working with SENAVIA.,Web Design & SEO Tips for Boynton Beach Business Owners,Practical web design and SEO tips for Boynton Beach businesses building a stronger online presence in Palm Beach County.,Web Design Company in Boynton Beach FL | SENAVIA,"SENAVIA Corp builds custom websites, runs Google Ads & local SEO for Boynton Beach businesses. Get your free consultation with South Florida's top digital agency."
"Coral Gables, FL",coral-gables-fl,69b0b36aad7bb9f81a230ddf,693647c671a7628e57b51dfd,69b0bc861a4b376e92b1fa4d,false,false,Wed Mar 11 2026 00:51:18 GMT+0000 (Coordinated Universal Time),Wed Mar 11 2026 19:40:55 GMT+0000 (Coordinated Universal Time),Wed Mar 11 2026 19:54:31 GMT+0000 (Coordinated Universal Time),Miami Dade,Web design agency serving Coral Gables FL — SENAVIA Corp South Florida,"Web Design & Development Company in Coral Gables, FL","We build high-performing websites and SEO-driven marketing systems for businesses across Miami-Dade County. Your competitors are getting leads online right now. SENAVIA builds websites that rank on Google and turn Coral Gables visitors into paying, premium clients — consistently.","Digital Web Design Agency Serving Coral Gables, FL",SENAVIA serves Coral Gables businesses with custom web design and marketing built to reflect the professionalism and quality your clients expect.,"Web Design, Development & Digital Marketing in Coral Gables FL","From custom web design to digital marketing and custom software development, SENAVIA Corp offers end-to-end digital solutions that help Coral Gables businesses attract more customers, rank higher on Google, and increase their revenue in one of Miami-Dade's most affluent markets.",Our Work for Coral Gables & Miami-Dade County,Real websites. Real clients. Real results. Browse professional projects built for South Florida businesses that reflect the Coral Gables standard.,How We Work With Coral Gables Businesses,We start with a free strategy consultation. We then build a site designed to rank in Coral Gables and Miami-Dade County local searches and convert your ideal clients.,What Coral Gables Business Owners Say About SENAVIA,Coral Gables business owners share honest results and experience working with SENAVIA.,Web Design & SEO Tips for Coral Gables Businesses,Web design and marketing insights for Coral Gables businesses who demand quality results and a strong local online presence.,Web Design Company in Coral Gables FL | SENAVIA,"SENAVIA Corp builds custom websites, runs Google Ads & local SEO for Coral Gables businesses. Get your free consultation with South Florida's top digital agency."
"Coral Springs, FL",coral-springs-fl,69b0b36aad7bb9f81a230ddf,693647c671a7628e57b51dfd,69b0bc6058315ca894200414,false,false,Wed Mar 11 2026 00:50:40 GMT+0000 (Coordinated Universal Time),Wed Mar 11 2026 19:40:55 GMT+0000 (Coordinated Universal Time),Wed Mar 11 2026 19:54:31 GMT+0000 (Coordinated Universal Time),Broward,Web design agency serving Coral Springs FL — SENAVIA Corp South Florida,"Web Design & Development Company in Coral Springs, FL",We build high-performing websites and SEO-driven marketing systems for businesses across Broward County. Your competitors are getting leads online right now. SENAVIA builds websites that rank on Google and turn Coral Springs visitors into paying clients — consistently.,"Digital Web Design Agency Serving Coral Springs, FL",SENAVIA helps Coral Springs businesses get found and convert visitors into clients through custom web design and digital marketing built for your local market.,"Web Design, Development & Digital Marketing in Coral Springs FL","From custom web design to digital marketing and custom software development, SENAVIA Corp offers end-to-end digital solutions that help Coral Springs businesses attract more customers, rank higher on Google, and increase their revenue faster.",Our Work for Coral Springs & Broward County,Real websites. Real clients. Real results. Browse projects built for Coral Springs and South Florida businesses across multiple industries.,How We Work With Coral Springs Businesses,We start with a free discovery call to understand your business and competitors. Then we build a high-converting site ranked for Coral Springs and Broward County searches.,What Coral Springs Business Owners Say About SENAVIA,Coral Springs business owners share honest results and experience working with SENAVIA.,Web Design & SEO Tips for Coral Springs Businesses,Practical web design and local SEO tips for Coral Springs businesses looking to grow visibility and generate more qualified leads.,Web Design Company in Coral Springs FL | SENAVIA,"SENAVIA Corp builds custom websites, runs Google Ads & local SEO for Coral Springs businesses. Get your free consultation with Broward's results-driven digital agency."
"Cutler Bay, FL",cutler-bay-fl,69b0b36aad7bb9f81a230ddf,693647c671a7628e57b51dfd,69b0bc861a4b376e92b1fa5d,false,false,Wed Mar 11 2026 00:51:18 GMT+0000 (Coordinated Universal Time),Wed Mar 11 2026 19:40:55 GMT+0000 (Coordinated Universal Time),Wed Mar 11 2026 19:54:31 GMT+0000 (Coordinated Universal Time),Miami Dade,Web design agency serving Cutler Bay FL — SENAVIA Corp South Florida,"Web Design & Development Company in Cutler Bay, FL",We build high-performing websites and SEO-driven marketing systems for businesses across Miami-Dade County. Your competitors are getting leads online right now. SENAVIA builds websites that rank on Google and turn Cutler Bay visitors into paying clients — consistently.,"Digital Web Design Agency Serving Cutler Bay, FL",SENAVIA serves Cutler Bay businesses with custom web design and digital marketing built to grow your brand and generate qualified leads in Miami-Dade County.,"Web Design, Development & Digital Marketing in Cutler Bay FL","From custom web design to digital marketing and custom software development, SENAVIA Corp offers end-to-end digital solutions that help Cutler Bay businesses attract more customers, rank higher on Google, and increase their revenue faster in Miami-Dade County.",Our Work for Cutler Bay & Miami-Dade County,"Real websites. Real clients. Real results. Browse projects built for South Florida businesses. Different industries, different goals — all built to deliver results.",How We Work With Cutler Bay Businesses,"We start with a free consultation. After understanding your goals, we build a site that ranks in Cutler Bay and Miami-Dade County searches and converts visitors into clients.",What Cutler Bay Business Owners Say About SENAVIA,Cutler Bay business owners share honest results after working with SENAVIA.,Web Design & SEO Tips for Cutler Bay Business Owners,Practical web design and SEO tips for Cutler Bay businesses growing their online presence in South Florida.,Web Design Company in Cutler Bay FL | SENAVIA Corp,"SENAVIA Corp builds custom websites, runs Google Ads & local SEO for Cutler Bay FL businesses. Get your free consultation with South Florida's results-driven digital agency."
"Davie, FL",davie-fl,69b0b36aad7bb9f81a230ddf,693647c671a7628e57b51dfd,69b0bc6058315ca894200418,false,false,Wed Mar 11 2026 00:50:40 GMT+0000 (Coordinated Universal Time),Wed Mar 11 2026 19:40:55 GMT+0000 (Coordinated Universal Time),Wed Mar 11 2026 19:54:31 GMT+0000 (Coordinated Universal Time),Broward,Web design agency serving Davie FL — SENAVIA Corp South Florida,"Web Design & Development Company in Davie, FL",We build high-performing websites and SEO-driven marketing systems for businesses across Broward County. Your competitors are getting leads online right now. SENAVIA builds websites that rank on Google and turn Davie visitors into paying clients — consistently.,"Digital Web Design Agency Serving Davie, FL",SENAVIA serves Davie businesses with custom web design and digital marketing built for results. We understand your market before writing a single line of code.,"Web Design, Development & Digital Marketing in Davie FL","From custom web design to digital marketing and custom software development, SENAVIA Corp offers end-to-end digital solutions that help Davie businesses attract more customers, rank higher on Google, and increase their revenue faster.",Our Work for Davie FL & Broward County,Real websites. Real clients. Real results. Browse projects built for Davie and South Florida businesses across multiple industries and growth goals.,How We Work With Davie FL Businesses,We start with a free consultation to map your goals and competitive landscape. Then we build a site that ranks for Davie and Broward County search terms your customers use.,What Davie FL Business Owners Say About SENAVIA,Davie business owners share honest results and their experience working with SENAVIA.,Web Design & SEO Tips for Davie FL Businesses,"Practical web design and marketing tips for Davie, FL businesses who want more leads and less guesswork online.",Web Design Company in Davie FL | SENAVIA Corp,"SENAVIA Corp builds custom websites, runs Google Ads & local SEO for Davie FL businesses. Get your free consultation with Broward County's results-driven digital agency."
"Delray Beach, FL",delray-beach-fl,69b0b36aad7bb9f81a230ddf,693647c671a7628e57b51dfd,69b0bca6d8d74314790a1f4e,false,false,Wed Mar 11 2026 00:51:50 GMT+0000 (Coordinated Universal Time),Wed Mar 11 2026 19:40:55 GMT+0000 (Coordinated Universal Time),Wed Mar 11 2026 19:54:31 GMT+0000 (Coordinated Universal Time),Palm Beach,Web design agency serving Delray Beach FL — SENAVIA Corp South Florida,"Web Design & Development Company in Delray Beach, FL",We build high-performing websites and SEO-driven marketing systems for businesses across Palm Beach County. Your competitors are getting leads online right now. SENAVIA builds websites that rank on Google and turn Delray Beach visitors into paying clients — consistently.,"Digital Web Design Agency Serving Delray Beach, FL",SENAVIA serves Delray Beach businesses with custom web design and digital marketing built to attract local customers and grow revenue across Palm Beach County.,"Web Design, Development & Digital Marketing in Delray Beach FL","From custom web design to digital marketing and custom software development, SENAVIA Corp offers end-to-end digital solutions that help Delray Beach businesses attract more customers, rank higher on Google, and increase their revenue faster in Palm Beach County.",Our Work for Delray Beach & Palm Beach County,Real websites. Real clients. Real results. Browse projects built for Delray Beach and South Florida businesses across multiple industries and market types.,How We Work With Delray Beach Businesses,We begin with a free consultation. We then design and launch a site optimized for Delray Beach and Palm Beach County local searches. You approve every phase.,What Delray Beach Business Owners Say About SENAVIA,Delray Beach business owners share honest results after working with SENAVIA.,Web Design & SEO Tips for Delray Beach Business Owners,"Web design and SEO tips for Delray Beach businesses building a stronger, more competitive online presence in South Florida.",Web Design Company in Delray Beach FL | SENAVIA,"SENAVIA Corp builds custom websites, runs Google Ads & local SEO for Delray Beach businesses. Get your free consultation with South Florida's top digital agency."
"Doral, FL",doral-fl,69b0b36aad7bb9f81a230ddf,693647c671a7628e57b51dfd,69b0bc861a4b376e92b1fa4f,false,false,Wed Mar 11 2026 00:51:18 GMT+0000 (Coordinated Universal Time),Wed Mar 11 2026 19:40:55 GMT+0000 (Coordinated Universal Time),Wed Mar 11 2026 19:54:31 GMT+0000 (Coordinated Universal Time),Miami Dade,Web design agency serving Doral FL — SENAVIA Corp South Florida,"Web Design & Development Company in Doral, FL",We build high-performing websites and SEO-driven marketing systems for businesses across Miami-Dade County. Your competitors are getting leads online right now. SENAVIA builds websites that rank on Google and turn Doral visitors into paying clients — in one of South Florida's fastest-growing hubs.,"Digital Web Design Agency Serving Doral, FL",SENAVIA serves Doral businesses with custom web design and digital marketing built to compete in this fast-growing Miami-Dade business hub.,"Web Design, Development & Digital Marketing in Doral FL","From custom web design to digital marketing and custom software development, SENAVIA Corp offers end-to-end digital solutions that help Doral businesses attract more customers, rank higher on Google, and increase their revenue faster in Miami-Dade's most active commercial corridor.",Our Work for Doral & Miami-Dade County,Real websites. Real clients. Real results. Browse projects built for Doral and South Florida businesses across multiple industries and growth objectives.,How We Work With Doral Businesses,We start with a free consultation to understand your business and competitors. Then we build a site optimized for Doral and Miami-Dade County local searches. You approve every phase.,What Doral FL Business Owners Say About SENAVIA,Doral business owners share honest results and experience working with SENAVIA.,Web Design & SEO Tips for Doral FL Businesses,"Practical web design and marketing tips for Doral, FL businesses ready to grow in one of Miami-Dade's most competitive markets.",Web Design Company in Doral FL | SENAVIA Corp,"SENAVIA Corp builds custom websites, runs Google Ads & local SEO for Doral FL businesses. Get your free consultation with South Florida's results-driven digital agency."
"Fort Lauderdale, FL",fort-lauderdale-fl,69b0b36aad7bb9f81a230ddf,693647c671a7628e57b51dfd,69b0bc6058315ca89420040c,false,false,Wed Mar 11 2026 00:50:40 GMT+0000 (Coordinated Universal Time),Wed Mar 11 2026 19:40:55 GMT+0000 (Coordinated Universal Time),Wed Mar 11 2026 19:54:31 GMT+0000 (Coordinated Universal Time),Broward,Web design agency serving Fort Lauderdale FL — SENAVIA Corp South Florida,"Web Design & Development Company in Fort Lauderdale, FL",We build high-performing websites and SEO-driven marketing systems for businesses across Broward County. Your competitors are getting leads online right now. SENAVIA builds websites that rank on Google and turn Fort Lauderdale visitors into paying clients — consistently.,"Digital Web Design Agency Serving Fort Lauderdale, FL",SENAVIA serves Fort Lauderdale businesses with custom web design and digital strategies focused on one goal: turning your online presence into consistent revenue.,"Web Design, Development & Digital Marketing in Fort Lauderdale","From custom web design to digital marketing and custom software development, SENAVIA Corp offers end-to-end digital solutions that help Fort Lauderdale businesses attract more customers, rank higher on Google, and increase their revenue faster.",Our Work for Fort Lauderdale & Broward County,Real websites. Real clients. Real results. Browse projects built for Fort Lauderdale and South Florida businesses across multiple industries.,How We Work With Fort Lauderdale Businesses,"We start with a free strategy call. We map your market, identify competitor gaps, and build a site designed to dominate Fort Lauderdale search results. You approve every phase.",What Fort Lauderdale Business Owners Say About SENAVIA,Fort Lauderdale business owners share honest results after working with SENAVIA.,Web Design & SEO Tips for Fort Lauderdale Businesses,Actionable web design and local SEO strategies for Fort Lauderdale businesses in Broward County's most active market.,Web Design Company in Fort Lauderdale FL | SENAVIA,"SENAVIA Corp builds custom websites, runs Google Ads & local SEO for Fort Lauderdale businesses. Get your free strategy consultation with Broward's top digital agency."
"Hialeah, FL",hialeah-fl,69b0b36aad7bb9f81a230ddf,693647c671a7628e57b51dfd,69b0bc861a4b376e92b1fa51,false,false,Wed Mar 11 2026 00:51:18 GMT+0000 (Coordinated Universal Time),Wed Mar 11 2026 19:40:55 GMT+0000 (Coordinated Universal Time),Wed Mar 11 2026 19:54:31 GMT+0000 (Coordinated Universal Time),Miami Dade,Web design agency serving Hialeah FL — SENAVIA Corp South Florida,"Custom Website Design & Development Company in Hialeah, FL",We build high-performing websites and SEO-driven marketing systems for businesses across Miami-Dade County. Your competitors are getting leads online right now. SENAVIA builds websites that rank on Google and turn Hialeah visitors into paying clients — in any language your market speaks.,"Digital Web Design Agency Serving Hialeah, FL",SENAVIA serves Hialeah businesses with custom web design and digital marketing built for the South Florida market — in any language your customers speak.,"Web Design, Development & Digital Marketing in Hialeah FL","From custom web design to digital marketing and custom software development, SENAVIA Corp offers end-to-end digital solutions that help Hialeah businesses attract more customers, rank higher on Google, and increase their revenue faster in Miami-Dade County.",Our Work for Hialeah & Miami-Dade County,Real websites. Real clients. Real results. Browse projects built for Hialeah and South Florida businesses across multiple industries and community markets.,How We Work With Hialeah Businesses,We start with a free consultation to understand your business and local market. Then we build a site that ranks in Hialeah and Miami-Dade County searches. You approve every step.,What Hialeah Business Owners Say About SENAVIA,Hialeah business owners share honest results after partnering with SENAVIA.,Web Design & SEO Tips for Hialeah Business Owners,Web design and local SEO tips for Hialeah businesses ready to grow their online presence and generate more leads.,Web Design Company in Hialeah FL | SENAVIA Corp,"SENAVIA Corp builds custom websites, runs Google Ads & local SEO for Hialeah FL businesses. Get your free consultation with South Florida's results-driven digital agency."
"Hollywood, FL",hollywood-fl,69b0b36aad7bb9f81a230ddf,693647c671a7628e57b51dfd,69b0bc6058315ca89420040e,false,false,Wed Mar 11 2026 00:50:40 GMT+0000 (Coordinated Universal Time),Wed Mar 11 2026 19:40:55 GMT+0000 (Coordinated Universal Time),Wed Mar 11 2026 19:54:31 GMT+0000 (Coordinated Universal Time),Broward,Web design agency serving Hollywood FL — SENAVIA Corp South Florida,"Web Design & Development Company in Hollywood, FL",We build high-performing websites and SEO-driven marketing systems for businesses across Broward County. Your competitors are getting leads online right now. SENAVIA builds websites that rank on Google and turn Hollywood visitors into paying clients — consistently.,"Digital Web Design Agency Serving Hollywood, FL","SENAVIA helps Hollywood, FL businesses stand out with custom web design and digital marketing — more qualified leads, more calls, and clients who are ready to buy.","Web Design, Development & Digital Marketing in Hollywood FL","From custom web design to digital marketing and custom software development, SENAVIA Corp offers end-to-end digital solutions that help Hollywood businesses attract more customers, rank higher on Google, and increase their revenue faster.",Our Work for Hollywood FL & Broward County,"Real websites. Real clients. Real results. Browse projects built for Hollywood and South Florida businesses across healthcare, retail, and professional services.",How We Work With Hollywood FL Businesses,"We start with a free consultation, research your competitors, and build a site ranked for Hollywood and Broward County. You approve every phase — no surprises, no upsells.",What Hollywood FL Business Owners Say About SENAVIA,Hollywood business owners share honest results after partnering with SENAVIA.,Web Design & SEO Tips for Hollywood FL Businesses,"Practical web design and SEO guidance for Hollywood, FL businesses generating leads and outranking local competitors.",Web Design Company in Hollywood FL | SENAVIA Corp,"SENAVIA Corp builds custom websites, runs Google Ads & local SEO for Hollywood, FL businesses. Get your free consultation with Broward County's top digital agency."
"Homestead, FL",homestead-fl,69b0b36aad7bb9f81a230ddf,693647c671a7628e57b51dfd,69b0bc861a4b376e92b1fa55,false,false,Wed Mar 11 2026 00:51:18 GMT+0000 (Coordinated Universal Time),Wed Mar 11 2026 19:40:55 GMT+0000 (Coordinated Universal Time),Wed Mar 11 2026 19:54:31 GMT+0000 (Coordinated Universal Time),Miami Dade,Web design agency serving Homestead FL — SENAVIA Corp South Florida,"Web Design & Development Company in Homestead, FL",We build high-performing websites and SEO-driven marketing systems for businesses across Miami-Dade County. Your competitors are getting leads online right now. SENAVIA builds websites that rank on Google and turn Homestead visitors into paying clients — consistently.,"Digital Web Design Agency Serving Homestead, FL",SENAVIA serves Homestead businesses with custom web design and digital marketing built to help local companies compete and grow across South Florida.,"Web Design, Development & Digital Marketing in Homestead FL","From custom web design to digital marketing and custom software development, SENAVIA Corp offers end-to-end digital solutions that help Homestead businesses attract more customers, rank higher on Google, and increase their revenue faster in Miami-Dade County.",Our Work for Homestead & Miami-Dade County,Real websites. Real clients. Real results. Browse projects built for Homestead and South Florida businesses across multiple industries.,How We Work With Homestead Businesses,"We start with a free consultation. After understanding your goals and local market, we build a site that ranks for Homestead and Miami-Dade County searches. You approve every phase.",What Homestead Business Owners Say About SENAVIA,Homestead business owners share honest results after partnering with SENAVIA.,Web Design & SEO Tips for Homestead Business Owners,Web design and SEO tips for Homestead businesses ready to build a stronger online presence in South Florida.,Web Design Company in Homestead FL | SENAVIA Corp,"SENAVIA Corp builds custom websites, runs Google Ads & local SEO for Homestead FL businesses. Get your free consultation with South Florida's top digital agency."
"Jupiter, FL",jupiter-fl,69b0b36aad7bb9f81a230ddf,693647c671a7628e57b51dfd,69b0bca6d8d74314790a1f58,false,false,Wed Mar 11 2026 00:51:50 GMT+0000 (Coordinated Universal Time),Wed Mar 11 2026 19:40:55 GMT+0000 (Coordinated Universal Time),Wed Mar 11 2026 19:54:31 GMT+0000 (Coordinated Universal Time),Palm Beach,Web design agency serving Jupiter FL — SENAVIA Corp South Florida,"Web Design & Development Company in Jupiter, FL",We build high-performing websites and SEO-driven marketing systems for businesses across Palm Beach County. Your competitors are getting leads online right now. SENAVIA builds websites that rank on Google and turn Jupiter visitors into paying clients — consistently.,"Digital Web Design Agency Serving Jupiter, FL",SENAVIA serves Jupiter businesses with custom web design and targeted digital marketing built to grow your brand and generate real leads in Palm Beach County.,"Web Design, Development & Digital Marketing in Jupiter FL","From custom web design to digital marketing and custom software development, SENAVIA Corp offers end-to-end digital solutions that help Jupiter businesses attract more customers, rank higher on Google, and increase their revenue faster in Palm Beach County.",Our Work for Jupiter & Palm Beach County,Real websites. Real clients. Real results. Browse projects built for Jupiter and South Florida businesses across multiple industries and growth goals.,How We Work With Jupiter Businesses,"We kick off with a free consultation. After understanding your market, we design and build a site that ranks in Jupiter and Palm Beach County searches. You approve every phase.",What Jupiter FL Business Owners Say About SENAVIA,Jupiter business owners share honest results and outcomes after working with SENAVIA.,Web Design & SEO Tips for Jupiter FL Business Owners,"Web design and marketing tips for Jupiter, FL businesses ready to grow their client base and online presence in Palm Beach County.",Web Design Company in Jupiter FL | SENAVIA Corp,"SENAVIA Corp builds custom websites, runs Google Ads & local SEO for Jupiter FL businesses. Get your free consultation with South Florida's results-driven digital agency."
"Kendall, FL",kendall-fl,69b0b36aad7bb9f81a230ddf,693647c671a7628e57b51dfd,69b0bc861a4b376e92b1fa53,false,false,Wed Mar 11 2026 00:51:18 GMT+0000 (Coordinated Universal Time),Wed Mar 11 2026 19:40:55 GMT+0000 (Coordinated Universal Time),Wed Mar 11 2026 19:54:31 GMT+0000 (Coordinated Universal Time),Miami Dade,Web design agency serving Kendall FL — SENAVIA Corp South Florida,"Web Design & Development Company in Kendall, FL",We build high-performing websites and SEO-driven marketing systems for businesses across Miami-Dade County. Your competitors are getting leads online right now. SENAVIA builds websites that rank on Google and turn Kendall visitors into paying clients — consistently.,"Digital Web Design Agency Serving Kendall, FL",SENAVIA serves Kendall businesses with custom web design and digital marketing built to generate real leads in the competitive Miami-Dade market.,"Web Design, Development & Digital Marketing in Kendall FL","From custom web design to digital marketing and custom software development, SENAVIA Corp offers end-to-end digital solutions that help Kendall businesses attract more customers, rank higher on Google, and increase their revenue in one of Miami-Dade's most active markets.",Our Work for Kendall & Miami-Dade County,Real websites. Real clients. Real results. Browse projects built for Kendall and South Florida businesses. See how SENAVIA delivers results across different industries.,How We Work With Kendall Businesses,"Every project starts with a free consultation. After understanding your goals, we design a site that performs in Kendall and Miami-Dade County searches. You approve every phase.",What Kendall FL Business Owners Say About SENAVIA,Kendall business owners share honest results and outcomes working with SENAVIA.,Web Design & SEO Tips for Kendall FL Businesses,"Practical web design and marketing tips for Kendall, FL businesses competing in the Miami-Dade market.",Web Design Company in Kendall FL | SENAVIA Corp,"SENAVIA Corp builds custom websites, runs Google Ads & local SEO for Kendall FL businesses. Get your free consultation with South Florida's results-driven digital agency."
"Lake Worth, FL",lake-worth-fl,69b0b36aad7bb9f81a230ddf,693647c671a7628e57b51dfd,69b0bca6d8d74314790a1f52,false,false,Wed Mar 11 2026 00:51:50 GMT+0000 (Coordinated Universal Time),Wed Mar 11 2026 19:40:55 GMT+0000 (Coordinated Universal Time),Wed Mar 11 2026 19:54:31 GMT+0000 (Coordinated Universal Time),Palm Beach,Web design agency serving Lake Worth FL — SENAVIA Corp South Florida,"Web Design & Development Company in Lake Worth, FL",We build high-performing websites and SEO-driven marketing systems for businesses across Palm Beach County. Your competitors are getting leads online right now. SENAVIA builds websites that rank on Google and turn Lake Worth visitors into paying clients — consistently.,"Digital Web Design Agency Serving Lake Worth, FL","SENAVIA serves Lake Worth businesses with custom web design and digital marketing built to grow your brand and generate real, qualified leads in Palm Beach County.","Web Design, Development & Digital Marketing in Lake Worth FL","From custom web design to digital marketing and custom software development, SENAVIA Corp offers end-to-end digital solutions that help Lake Worth businesses attract more customers, rank higher on Google, and increase their revenue faster in Palm Beach County.",Our Work for Lake Worth & Palm Beach County,Real websites. Real clients. Real results. Browse projects built for Lake Worth and South Florida businesses across multiple industries and growth goals.,How We Work With Lake Worth Businesses,We begin with a free consultation to understand your goals. We design and launch a site ranked for Lake Worth and Palm Beach County searches. You approve every phase.,What Lake Worth Business Owners Say About SENAVIA,Lake Worth business owners share honest results after working with SENAVIA.,Web Design & SEO Tips for Lake Worth Business Owners,Web design and marketing tips for Lake Worth businesses ready to grow their online presence and generate more leads in Palm Beach County.,Web Design Company in Lake Worth FL | SENAVIA Corp,"SENAVIA Corp builds custom websites, runs Google Ads & local SEO for Lake Worth businesses. Get your free consultation with South Florida's results-driven digital agency."
"Miami Beach, FL",miami-beach-fl,69b0b36aad7bb9f81a230ddf,693647c671a7628e57b51dfd,69b0bc861a4b376e92b1fa57,false,false,Wed Mar 11 2026 00:51:18 GMT+0000 (Coordinated Universal Time),Wed Mar 11 2026 19:40:55 GMT+0000 (Coordinated Universal Time),Wed Mar 11 2026 19:54:31 GMT+0000 (Coordinated Universal Time),Miami Dade,Web design agency serving Miami Beach FL — SENAVIA Corp South Florida,"Web Design & Development Company in Miami Beach, FL","We build high-performing websites and SEO-driven marketing systems for businesses across Miami-Dade County. Your competitors are getting leads online right now. SENAVIA builds websites that rank on Google and turn Miami Beach visitors into paying, high-value clients — consistently.","Digital Web Design Agency Serving Miami Beach, FL",SENAVIA serves Miami Beach businesses with custom web design and digital marketing built to attract the discerning clientele your high-visibility market demands.,"Web Design, Development & Digital Marketing in Miami Beach FL","From custom web design to digital marketing and custom software development, SENAVIA Corp offers end-to-end digital solutions that help Miami Beach businesses attract more customers, rank higher on Google, and increase their revenue in one of Florida's most visible markets.",Our Work for Miami Beach & Miami-Dade County,Real websites. Real clients. Real results. Browse professional digital work built for South Florida businesses that reflects the Miami Beach standard.,How We Work With Miami Beach Businesses,We start with a free strategy consultation. We then build a site designed to rank in Miami Beach and Miami-Dade County and convert your ideal clients. You approve every phase.,What Miami Beach Business Owners Say About SENAVIA,Miami Beach business owners share honest results and experience working with SENAVIA.,Web Design & SEO Tips for Miami Beach Businesses,Web design and marketing insights for Miami Beach businesses competing in one of Florida's highest-visibility markets.,Web Design Company in Miami Beach FL | SENAVIA,"SENAVIA Corp builds custom websites, runs Google Ads & local SEO for Miami Beach businesses. Get your free consultation with South Florida's top digital agency."
"Miami Lakes, FL",miami-lakes-fl,69b0b36aad7bb9f81a230ddf,693647c671a7628e57b51dfd,69b0bc861a4b376e92b1fa59,false,false,Wed Mar 11 2026 00:51:18 GMT+0000 (Coordinated Universal Time),Wed Mar 11 2026 19:40:55 GMT+0000 (Coordinated Universal Time),Wed Mar 11 2026 19:54:31 GMT+0000 (Coordinated Universal Time),Miami Dade,Web design agency serving Miami Lakes FL — SENAVIA Corp South Florida,"Web Design & Development Company in Miami Lakes, FL",We build high-performing websites and SEO-driven marketing systems for businesses across Miami-Dade County. Your competitors are getting leads online right now. SENAVIA builds websites that rank on Google and turn Miami Lakes visitors into paying clients — consistently.,"Digital Web Design Agency Serving Miami Lakes, FL","SENAVIA serves Miami Lakes businesses with custom web design and targeted digital marketing built to generate consistent, qualified leads in Miami-Dade County.","Web Design, Development & Digital Marketing in Miami Lakes FL","From custom web design to digital marketing and custom software development, SENAVIA Corp offers end-to-end digital solutions that help Miami Lakes businesses attract more customers, rank higher on Google, and increase their revenue faster in Miami-Dade County.",Our Work for Miami Lakes & Miami-Dade County,Real websites. Real clients. Real results. Browse projects completed for South Florida businesses. See how SENAVIA delivers results across industries.,How We Work With Miami Lakes Businesses,We begin with a free consultation to understand your business. We design and build a site that performs in Miami Lakes and Miami-Dade County searches. You approve every phase.,What Miami Lakes Business Owners Say About SENAVIA,Miami Lakes business owners share honest results after partnering with SENAVIA.,Web Design & SEO Tips for Miami Lakes Businesses,Helpful web design and SEO tips for Miami Lakes businesses looking to grow their online presence and attract more clients.,Web Design Company in Miami Lakes FL | SENAVIA,"SENAVIA Corp builds custom websites, runs Google Ads & local SEO for Miami Lakes businesses. Get your free consultation with South Florida's top digital agency."
"Miami, FL",miami-fl,69b0b36aad7bb9f81a230ddf,693647c671a7628e57b51dfd,69b0bc861a4b376e92b1fa4b,false,false,Wed Mar 11 2026 00:51:18 GMT+0000 (Coordinated Universal Time),Wed Mar 11 2026 19:40:55 GMT+0000 (Coordinated Universal Time),Wed Mar 11 2026 19:54:31 GMT+0000 (Coordinated Universal Time),Miami Dade,Web design agency serving Miami FL — SENAVIA Corp South Florida,"Web Design & Development Company in Miami, FL",We build high-performing websites and SEO-driven marketing systems for businesses across Miami-Dade County. Your competitors are getting leads online right now. SENAVIA builds websites that rank on Google and turn Miami visitors into paying clients — in the most competitive market in South Florida.,"Digital Web Design Agency Serving Miami, FL",SENAVIA serves Miami businesses with custom web design and digital marketing built to compete in one of the most active local markets in the entire country.,"Web Design, Development & Digital Marketing in Miami FL","From custom web design to digital marketing and custom software development, SENAVIA Corp offers end-to-end digital solutions that help Miami businesses attract more customers, rank higher on Google, and increase their revenue faster in a market where every click counts.",Our Work in Miami & South Florida,"Real websites. Real clients. Real results. Browse projects built for Miami businesses across healthcare, hospitality, retail, and professional services.",How We Work With Miami Businesses,We start with a free consultation to map your market and competitors. Then we design a site that performs in Miami and Miami-Dade County local searches. You approve every phase.,What Miami Business Owners Say About SENAVIA,Miami business owners share honest results after partnering with SENAVIA.,Web Design & SEO Tips for Miami Business Owners,Web design and SEO strategies for Miami businesses competing in Florida's most demanding and diverse digital market.,Web Design Company in Miami FL | SENAVIA Corp,"SENAVIA Corp builds custom websites, runs Google Ads & local SEO for Miami FL businesses. Get your free consultation with South Florida's results-driven digital agency."
"Miramar, FL",miramar-fl,69b0b36aad7bb9f81a230ddf,693647c671a7628e57b51dfd,69b0bc6058315ca894200410,false,false,Wed Mar 11 2026 00:50:40 GMT+0000 (Coordinated Universal Time),Wed Mar 11 2026 19:40:55 GMT+0000 (Coordinated Universal Time),Wed Mar 11 2026 19:54:31 GMT+0000 (Coordinated Universal Time),Broward,Web design agency serving Miramar FL — SENAVIA Corp South Florida,"Web Design & Development Company in Miramar, FL",We build high-performing websites and SEO-driven marketing systems for businesses across Broward County. Your competitors are getting leads online right now. SENAVIA builds websites that rank on Google and turn Miramar visitors into paying clients — consistently.,"Digital Web Design Agency Serving Miramar, FL",SENAVIA helps Miramar businesses grow online with custom web design and marketing built for Broward County's most competitive local search results.,"Web Design, Development & Digital Marketing in Miramar FL","From custom web design to digital marketing and custom software development, SENAVIA Corp offers end-to-end digital solutions that help Miramar businesses attract more customers, rank higher on Google, and increase their revenue faster.",Our Work for Miramar & Broward County,Real websites. Real clients. Real results. Browse projects built for Miramar and South Florida businesses. See the quality and strategy SENAVIA brings to every engagement.,How We Work With Miramar Businesses,"Every engagement starts with a free consultation. We research your market, identify ranking opportunities in Miramar, and build a high-converting site you approve before we launch.",What Miramar Business Owners Say About SENAVIA,Miramar business owners share honest results and experience working with SENAVIA.,Web Design & SEO Tips for Miramar Business Owners,"No-fluff web design and marketing insights for Miramar, FL businesses ready to grow and generate consistent leads.",Web Design Company in Miramar FL | SENAVIA Corp,"SENAVIA Corp builds custom websites, runs Google Ads & local SEO for Miramar, FL businesses. Get your free consultation with Broward County's top digital agency."
"Palm Beach Gardens, FL",palm-beach-gardens-fl,69b0b36aad7bb9f81a230ddf,693647c671a7628e57b51dfd,69b0bca6d8d74314790a1f54,false,false,Wed Mar 11 2026 00:51:50 GMT+0000 (Coordinated Universal Time),Wed Mar 11 2026 19:40:55 GMT+0000 (Coordinated Universal Time),Wed Mar 11 2026 19:54:31 GMT+0000 (Coordinated Universal Time),Palm Beach,Web design agency serving Palm Beach Gardens FL — SENAVIA Corp,"Web Design & Development Company in Palm Beach Gardens, FL","We build high-performing websites and SEO-driven marketing systems for businesses across Palm Beach County. Your competitors are getting leads online right now. SENAVIA builds websites that rank on Google and turn Palm Beach Gardens visitors into paying, premium clients — consistently.","Digital Web Design Agency Serving Palm Beach Gardens, FL",SENAVIA serves Palm Beach Gardens businesses with custom web design and digital marketing built to reflect your brand and attract quality leads in Palm Beach County.,"Web Design, Development & Digital Marketing in Palm Beach Gardens","From custom web design to digital marketing and custom software development, SENAVIA Corp offers end-to-end digital solutions that help Palm Beach Gardens businesses attract more customers, rank higher on Google, and increase their revenue in one of South Florida's most high-value markets.",Our Work for Palm Beach Gardens & Palm Beach County,Real websites. Real clients. Real results. Browse digital work built for South Florida businesses that reflects the Palm Beach Gardens standard of quality.,How We Work With Palm Beach Gardens Businesses,We start with a free strategy consultation. We build a site optimized for Palm Beach Gardens and Palm Beach County local searches and conversions. You approve every phase.,What Palm Beach Gardens Business Owners Say About SENAVIA,Palm Beach Gardens business owners share honest results and experience working with SENAVIA.,Web Design & SEO Tips for Palm Beach Gardens Businesses,Web design and marketing insights for Palm Beach Gardens businesses competing in one of South Florida's most demanding and high-value markets.,Web Design Company in Palm Beach Gardens FL | SENAVIA,"SENAVIA Corp builds custom websites, runs Google Ads & local SEO for Palm Beach Gardens businesses. Get your free consultation with South Florida's top digital agency."
"Pembroke Pines, FL",pembroke-pines-fl,69b0b36aad7bb9f81a230ddf,693647c671a7628e57b51dfd,69b0bc6058315ca894200412,false,false,Wed Mar 11 2026 00:50:40 GMT+0000 (Coordinated Universal Time),Wed Mar 11 2026 19:40:55 GMT+0000 (Coordinated Universal Time),Wed Mar 11 2026 19:54:31 GMT+0000 (Coordinated Universal Time),Broward,Web design agency serving Pembroke Pines FL — SENAVIA Corp South Florida,"Web Design & Development Company in Pembroke Pines, FL",We build high-performing websites and SEO-driven marketing systems for businesses across Broward County. Your competitors are getting leads online right now. SENAVIA builds websites that rank on Google and turn Pembroke Pines visitors into paying clients — consistently.,"Digital Web Design Agency Serving Pembroke Pines, FL","SENAVIA works with Pembroke Pines businesses to build websites and digital marketing campaigns that generate consistent, qualified leads and measurable growth.","Web Design, Development & Digital Marketing in Pembroke Pines","From custom web design to digital marketing and custom software development, SENAVIA Corp offers end-to-end digital solutions that help Pembroke Pines businesses attract more customers, rank higher on Google, and increase their revenue faster.",Our Work for Pembroke Pines & Broward County,Real websites. Real clients. Real results. Browse projects built for Pembroke Pines and South Florida businesses across multiple industries.,How We Work With Pembroke Pines Businesses,"We begin with a free consultation to understand your market. We design, build, and launch a site that performs in Pembroke Pines and Broward County searches — on time.",What Pembroke Pines Business Owners Say About SENAVIA,Pembroke Pines business owners share honest results after working with SENAVIA.,Web Design & SEO Tips for Pembroke Pines Businesses,"Web design, SEO, and marketing advice for Pembroke Pines business owners who want to grow online and generate real leads.",Web Design Company in Pembroke Pines FL | SENAVIA,"SENAVIA Corp builds custom websites, runs Google Ads & local SEO for Pembroke Pines businesses. Get your free consultation with Broward's top digital agency today."
"Plantation, FL",plantation-fl,69b0b36aad7bb9f81a230ddf,693647c671a7628e57b51dfd,69b0bc0f72ca16c9cbd0608f,false,false,Wed Mar 11 2026 00:49:19 GMT+0000 (Coordinated Universal Time),Wed Mar 11 2026 19:40:55 GMT+0000 (Coordinated Universal Time),Wed Mar 11 2026 19:54:31 GMT+0000 (Coordinated Universal Time),Broward,Web design agency in Plantation FL — SENAVIA Corp Broward County,"Web Design & Development Company in Plantation, FL","We build high-performing websites and SEO-driven marketing systems for businesses across Miami-Dade, Broward, and Palm Beach counties. Your competitors are getting leads online right now. SENAVIA builds websites that rank on Google and turn visitors into paying clients — right here in Plantation.","Digital Web Design Agency Based in Plantation, FL","SENAVIA Corp is based in Plantation, Broward County. We build websites and digital strategies that generate real results for local business owners.","Web Design, Development & Digital Marketing services in Plantation","From custom web design to digital marketing and custom software development, SENAVIA Corp offers end-to-end digital solutions that help South Florida businesses in the Plantation area attract more customers, rank higher on Google, and increase their revenue faster.",Our Work in Plantation & Broward County,Real websites. Real clients. Real results. Browse projects built for Plantation and South Florida businesses across multiple industries.,How We Work With Plantation Businesses,"We start by listening. We learn your business, your market, and your goals before building anything. You approve every phase from design to launch — no surprises.",What Plantation Business Owners Say About SENAVIA,Local Plantation business owners share honest results after partnering with SENAVIA.,Web Design & SEO Tips for Plantation Business Owners,"Practical web design and marketing advice for South Florida business owners who want leads, not theory.",Web Design Company in Plantation FL | SENAVIA Corp,"SENAVIA Corp is based in Plantation, FL. We build custom websites, run Google Ads & local SEO for Broward businesses. Get your free consultation today."
"Pompano Beach, FL",pompano-beach-fl,69b0b36aad7bb9f81a230ddf,693647c671a7628e57b51dfd,69b0bc6058315ca89420041c,false,false,Wed Mar 11 2026 00:50:40 GMT+0000 (Coordinated Universal Time),Wed Mar 11 2026 19:40:55 GMT+0000 (Coordinated Universal Time),Wed Mar 11 2026 19:54:31 GMT+0000 (Coordinated Universal Time),Broward,Web design agency serving Pompano Beach FL — SENAVIA Corp South Florida,"Web Design & Development Company in Pompano Beach, FL",We build high-performing websites and SEO-driven marketing systems for businesses across Broward County. Your competitors are getting leads online right now. SENAVIA builds websites that rank on Google and turn Pompano Beach visitors into paying clients — consistently.,"Digital Web Design Agency Serving Pompano Beach, FL","SENAVIA serves Pompano Beach businesses with custom web design and digital marketing built for South Florida — more traffic, better leads, stronger sales results.","Web Design, Development & Digital Marketing in Pompano Beach","From custom web design to digital marketing and custom software development, SENAVIA Corp offers end-to-end digital solutions that help Pompano Beach businesses attract more customers, rank higher on Google, and increase their revenue faster.",Our Work for Pompano Beach & Broward County,Real websites. Real clients. Real results. Browse projects built for Pompano Beach and South Florida businesses across multiple industries.,How We Work With Pompano Beach Businesses,"Every engagement starts with a free strategy call. We learn your business, identify local search opportunities in Pompano Beach, and launch a site that delivers real results.",What Pompano Beach Business Owners Say About SENAVIA,Pompano Beach business owners share honest results and experience working with SENAVIA.,Web Design & SEO Tips for Pompano Beach Businesses,Actionable web design and marketing advice for Pompano Beach businesses ready to capture more of their local market.,Web Design Company in Pompano Beach FL | SENAVIA,"SENAVIA Corp builds custom websites, runs Google Ads & local SEO for Pompano Beach businesses. Get your free strategy consultation with Broward's top digital agency."
"Sunrise, FL",sunrise-fl,69b0b36aad7bb9f81a230ddf,693647c671a7628e57b51dfd,69b0bc6058315ca89420041a,false,false,Wed Mar 11 2026 00:50:40 GMT+0000 (Coordinated Universal Time),Wed Mar 11 2026 19:40:55 GMT+0000 (Coordinated Universal Time),Wed Mar 11 2026 19:54:31 GMT+0000 (Coordinated Universal Time),Broward,Web design agency serving Sunrise FL — SENAVIA Corp South Florida,"Web Design & Development Company in Sunrise, FL",We build high-performing websites and SEO-driven marketing systems for businesses across Broward County. Your competitors are getting leads online right now. SENAVIA builds websites that rank on Google and turn Sunrise visitors into paying clients — around the clock.,"Digital Web Design Agency Serving Sunrise, FL",SENAVIA helps Sunrise businesses build a powerful online presence through custom web design and targeted digital marketing — with measurable growth as the only outcome.,"Web Design, Development & Digital Marketing in Sunrise FL","From custom web design to digital marketing and custom software development, SENAVIA Corp offers end-to-end digital solutions that help Sunrise businesses attract more customers, rank higher on Google, and increase their revenue faster.",Our Work for Sunrise FL & Broward County,"Real websites. Real clients. Real results. Browse projects built for Sunrise and South Florida businesses across healthcare, retail, and professional services.",How We Work With Sunrise FL Businesses,Every project begins with a free strategy consultation. We design and launch a site built to perform in Sunrise and Broward County local searches. You approve every phase.,What Sunrise FL Business Owners Say About SENAVIA,Sunrise business owners share honest results and outcomes after working with SENAVIA.,Web Design & SEO Tips for Sunrise FL Businesses,"Practical local SEO and web design strategies for Sunrise, FL businesses competing in the Broward County market.",Web Design Company in Sunrise FL | SENAVIA Corp,"SENAVIA Corp builds custom websites, runs Google Ads & local SEO for Sunrise FL businesses. Get your free consultation with Broward County's top digital agency today."
"Wellington, FL",wellington-fl,69b0b36aad7bb9f81a230ddf,693647c671a7628e57b51dfd,69b0bca6d8d74314790a1f56,false,false,Wed Mar 11 2026 00:51:50 GMT+0000 (Coordinated Universal Time),Wed Mar 11 2026 19:40:55 GMT+0000 (Coordinated Universal Time),Wed Mar 11 2026 19:54:31 GMT+0000 (Coordinated Universal Time),Palm Beach,Web design agency serving Wellington FL — SENAVIA Corp South Florida,"Web Design & Development Company in Wellington, FL",We build high-performing websites and SEO-driven marketing systems for businesses across Palm Beach County. Your competitors are getting leads online right now. SENAVIA builds websites that rank on Google and turn Wellington visitors into paying clients — consistently.,"Digital Web Design Agency Serving Wellington, FL",SENAVIA serves Wellington businesses with custom web design and digital marketing built to attract local customers and grow your brand in Palm Beach County.,"Web Design, Development & Digital Marketing in Wellington FL","From custom web design to digital marketing and custom software development, SENAVIA Corp offers end-to-end digital solutions that help Wellington businesses attract more customers, rank higher on Google, and increase their revenue faster in Palm Beach County.",Our Work for Wellington & Palm Beach County,Real websites. Real clients. Real results. Browse projects built for Wellington and South Florida businesses across multiple industries and growth goals.,How We Work With Wellington Businesses,We start with a free consultation to understand your market. We design and build a site that ranks in Wellington and Palm Beach County searches. You approve every phase.,What Wellington FL Business Owners Say About SENAVIA,Wellington business owners share honest results after partnering with SENAVIA.,Web Design & SEO Tips for Wellington FL Business Owners,"Practical web design and SEO tips for Wellington, FL businesses building a stronger online presence in Palm Beach County.",Web Design Company in Wellington FL | SENAVIA Corp,"SENAVIA Corp builds custom websites, runs Google Ads & local SEO for Wellington FL businesses. Get your free consultation with South Florida's results-driven digital agency."
"West Palm Beach, FL",west-palm-beach-fl,69b0b36aad7bb9f81a230ddf,693647c671a7628e57b51dfd,69b0bca6d8d74314790a1f4a,false,false,Wed Mar 11 2026 00:51:50 GMT+0000 (Coordinated Universal Time),Wed Mar 11 2026 19:40:55 GMT+0000 (Coordinated Universal Time),Wed Mar 11 2026 19:54:31 GMT+0000 (Coordinated Universal Time),Palm Beach,Web design agency serving West Palm Beach FL — SENAVIA Corp South Florida,"Web Design & Development Company in West Palm Beach, FL",We build high-performing websites and SEO-driven marketing systems for businesses across Palm Beach County. Your competitors are getting leads online right now. SENAVIA builds websites that rank on Google and turn West Palm Beach visitors into paying clients — consistently.,"Digital Web Design Agency Serving West Palm Beach, FL",SENAVIA serves West Palm Beach businesses with custom web design and digital marketing built to compete and grow in Palm Beach County's expanding marketplace.,"Web Design, Development & Digital Marketing in West Palm Beach","From custom web design to digital marketing and custom software development, SENAVIA Corp offers end-to-end digital solutions that help West Palm Beach businesses attract more customers, rank higher on Google, and increase their revenue faster.",Our Work for West Palm Beach & Palm Beach County,Real websites. Real clients. Real results. Browse projects built for West Palm Beach and South Florida businesses across multiple industries.,How We Work With West Palm Beach Businesses,We start with a free consultation. We then design and build a site that ranks in West Palm Beach and Palm Beach County searches. You approve every phase — no surprises.,What West Palm Beach Business Owners Say About SENAVIA,West Palm Beach business owners share honest results after working with SENAVIA.,Web Design & SEO Tips for West Palm Beach Businesses,Web design and marketing tips for West Palm Beach businesses ready to grow online and generate more clients across Palm Beach County.,Web Design Company in West Palm Beach FL | SENAVIA,"SENAVIA Corp builds custom websites, runs Google Ads & local SEO for West Palm Beach businesses. Get your free consultation with South Florida's top digital agency."
"Weston, FL",weston-fl,69b0b36aad7bb9f81a230ddf,693647c671a7628e57b51dfd,69b0bc6058315ca894200416,false,false,Wed Mar 11 2026 00:50:40 GMT+0000 (Coordinated Universal Time),Wed Mar 11 2026 19:40:55 GMT+0000 (Coordinated Universal Time),Wed Mar 11 2026 19:54:31 GMT+0000 (Coordinated Universal Time),Broward,Web design agency serving Weston FL — SENAVIA Corp South Florida,"Web Design & Development Company in Weston, FL","We build high-performing websites and SEO-driven marketing systems for businesses across Broward County. Your competitors are getting leads online right now. SENAVIA builds websites that rank on Google and turn Weston visitors into paying, high-value clients — consistently.","Digital Web Design Agency Serving Weston, FL",SENAVIA provides web design and digital marketing for Weston businesses that demand quality and expect measurable results. We build to your exact brand standard.,"Web Design, Development & Digital Marketing in Weston FL","From custom web design to digital marketing and custom software development, SENAVIA Corp offers end-to-end digital solutions that help Weston businesses attract more customers, rank higher on Google, and increase their revenue faster.",Our Work for Weston & Broward County,Real websites. Real clients. Real results. Browse projects built for Weston and South Florida businesses. Quality work that reflects the Weston market standard.,How We Work With Weston Businesses,"Every engagement starts with a free strategy consultation. We learn your goals, research your market, and build a site that dominates Weston and Broward County local searches.",What Weston FL Business Owners Say About SENAVIA,Weston business owners share honest results after choosing SENAVIA as their digital agency.,Web Design & SEO Tips for Weston FL Businesses,"Web design and digital marketing insights for Weston, FL business owners who expect quality execution and real, trackable results.",Web Design Company in Weston FL | SENAVIA Corp,"SENAVIA Corp builds custom websites, runs Google Ads & local SEO for Weston FL businesses. Get your free strategy consultation with Broward County's top digital agency."
